{
    "os_021->os_021": 17.731003621483822,
    "docker_003->docker_003": 159.27697641025898,
    "os_021->docker_003": 28.354435651811745,
    "docker_003->docker_005": 12.32929007374292,
    "docker_003->docker_006": 12.704175939833139,
    "docker_005->docker_005": 10.474407238533388,
    "docker_006->docker_006": 10.024411384128767,
    "os_022->os_022": 20.227544255049125,
    "docker_002->docker_002": 291.63871727512685,
    "os_022->docker_002": 42.30084188371481,
    "docker_002->docker_008": 28.273135442509936,
    "docker_002->docker_007": 28.441666484226197,
    "docker_008->docker_008": 9.6938944731194,
    "docker_007->docker_007": 9.908890684104518,
    "docker_001->docker_001": 290.18498936194095,
    "os_022->docker_001": 38.17905656256825,
    "docker_001->docker_007": 27.262482168330955,
    "docker_001->docker_008": 27.091559088569895,
    "docker_004->docker_004": 160.61366912400644,
    "os_021->docker_004": 25.31804281345566,
    "docker_004->docker_005": 12.49574131632041,
    "docker_004->docker_006": 12.889056603773584
}